{
    "MIPGap": 0.0,
    "OF": {
        "links_cost": 3.934937804285082,
        "location_cost": 310.44,
        "transport_collection_cost": 10.98710428768106,
        "transport_distribution_cost": 11.173006242374143,
        "transport_transfer_cost": 0.0
    },
    "OF_val": 336.5350483343403,
    "time_s": 0.016000032424926758,
    "variables": {
        "A": {
            "1": 99.0,
            "10": 99.0,
            "2": 99.0,
            "3": 99.0,
            "4": 99.0,
            "5": 99.0,
            "6": 99.0,
            "7": 99.0,
            "8": 99.0,
            "9": 99.0
        },
        "Dc": {
            "1": 40.96,
            "10": 32.083333333333336,
            "2": 99.0,
            "3": 99.0,
            "4": 99.0,
            "5": 99.0,
            "6": 36.595000000000006,
            "7": 33.78333333333333,
            "8": 99.0,
            "9": 30.576666666666664
        },
        "Dh": {
            "1": 17.166666666666668,
            "10": 26.133333333333333,
            "6": 17.533333333333335,
            "7": 24.433333333333334,
            "9": 27.55
        },
        "F": {
            "(1, 6)": 0.004250208988662254,
            "(10, 6)": 0.0026287764350382253,
            "(2, 6)": 0.0015752531370325676,
            "(3, 6)": 0.002023562775446262,
            "(4, 6)": 0.001344321922582653,
            "(5, 6)": 0.0009394020192773679,
            "(6, 6)": 0.0075220796227440136,
            "(7, 6)": 0.003994120724991138,
            "(8, 6)": 0.0004996590256038432,
            "(9, 6)": 0.0023440260816085024
        },
        "R": {},
        "X": {
            "(1, 6, 10)": 0.0004451460563473822,
            "(1, 6, 2)": 0.00025799022671695726,
            "(1, 6, 3)": 0.00033599181166809114,
            "(1, 6, 4)": 0.00021867325910448977,
            "(1, 6, 5)": 0.00015104900121040032,
            "(1, 6, 6)": 0.00165753523110337,
            "(1, 6, 7)": 0.0007112393824198579,
            "(1, 6, 8)": 7.937836327780768e-05,
            "(1, 6, 9)": 0.00039320565681389737,
            "(10, 6, 1)": 0.00043998842563921164,
            "(10, 6, 2)": 0.00014840383058702092,
            "(10, 6, 3)": 0.00019327271630379262,
            "(10, 6, 4)": 0.00012578751416679698,
            "(10, 6, 5)": 8.688798281711645e-05,
            "(10, 6, 6)": 0.0009534647136015518,
            "(10, 6, 7)": 0.00040912654001910804,
            "(10, 6, 8)": 4.566085051384036e-05,
            "(10, 6, 9)": 0.0002261838613897867,
            "(2, 6, 1)": 0.0002532833264310231,
            "(2, 6, 10)": 0.00014740415866209406,
            "(2, 6, 3)": 0.00011125919147228898,
            "(2, 6, 4)": 7.241072299883798e-05,
            "(2, 6, 5)": 5.0017855089776146e-05,
            "(2, 6, 6)": 0.0005488706070955374,
            "(2, 6, 7)": 0.00023551740216054388,
            "(2, 6, 8)": 2.6285082588282743e-05,
            "(2, 6, 9)": 0.00013020479053418328,
            "(3, 6, 1)": 0.00033079049085906896,
            "(3, 6, 10)": 0.000192511266673454,
            "(3, 6, 2)": 0.00011157242578353821,
            "(3, 6, 4)": 9.45691093912918e-05,
            "(3, 6, 5)": 6.532380583437523e-05,
            "(3, 6, 6)": 0.0007168303579141943,
            "(3, 6, 7)": 0.0003075880207525446,
            "(3, 6, 8)": 3.4328573831397046e-05,
            "(3, 6, 9)": 0.00017004872440639786,
            "(4, 6, 1)": 0.00021438030596320873,
            "(4, 6, 10)": 0.00012476363556775577,
            "(4, 6, 2)": 7.23083989337614e-05,
            "(4, 6, 3)": 9.41703500389873e-05,
            "(4, 6, 5)": 4.2335368967486325e-05,
            "(4, 6, 6)": 0.00046456689566337395,
            "(4, 6, 7)": 0.00019934313658261094,
            "(4, 6, 8)": 2.224782865475691e-05,
            "(4, 6, 9)": 0.00011020600221071156,
            "(5, 6, 1)": 0.00014772458896346818,
            "(5, 6, 10)": 8.597178131184154e-05,
            "(5, 6, 2)": 4.9826071770461746e-05,
            "(5, 6, 3)": 6.48906446399173e-05,
            "(5, 6, 4)": 4.223272191769787e-05,
            "(5, 6, 6)": 0.0003201224730021799,
            "(5, 6, 7)": 0.00013736281782995708,
            "(5, 6, 8)": 1.533047230522034e-05,
            "(5, 6, 9)": 7.594044753662391e-05,
            "(6, 6, 1)": 0.0017136138324249746,
            "(6, 6, 10)": 0.0009972776684497595,
            "(6, 6, 2)": 0.0005779853333853422,
            "(6, 6, 3)": 0.0007527352557226244,
            "(6, 6, 4)": 0.0004899020330124018,
            "(6, 6, 5)": 0.00033840083181871096,
            "(6, 6, 7)": 0.0015934166840193193,
            "(6, 6, 8)": 0.00017783437127268074,
            "(6, 6, 9)": 0.0008809136126381993,
            "(7, 6, 1)": 0.000709843179017652,
            "(7, 6, 10)": 0.0004131098484037727,
            "(7, 6, 2)": 0.00023942322284784166,
            "(7, 6, 3)": 0.0003118112008495396,
            "(7, 6, 4)": 0.0002029358131572851,
            "(7, 6, 5)": 0.00014017832821790581,
            "(7, 6, 6)": 0.0015382459718134992,
            "(7, 6, 8)": 7.366567254196807e-05,
            "(7, 6, 9)": 0.00036490748814167333,
            "(8, 6, 1)": 7.743236044690533e-05,
            "(8, 6, 10)": 4.506357408411735e-05,
            "(8, 6, 2)": 2.611718452598217e-05,
            "(8, 6, 3)": 3.401353708713109e-05,
            "(8, 6, 4)": 2.21370008143587e-05,
            "(8, 6, 5)": 1.529117861276732e-05,
            "(8, 6, 6)": 0.00016779764892620186,
            "(8, 6, 7)": 7.2001061548678e-05,
            "(8, 6, 9)": 3.980547955770134e-05,
            "(9, 6, 1)": 0.0003879197117929292,
            "(9, 6, 10)": 0.0002257589536232299,
            "(9, 6, 2)": 0.00013084155817655522,
            "(9, 6, 3)": 0.00017040061064579543,
            "(9, 6, 4)": 0.00011090168149728765,
            "(9, 6, 5)": 7.660556343889644e-05,
            "(9, 6, 6)": 0.0008406306515170276,
            "(9, 6, 7)": 0.00036071005563494227,
            "(9, 6, 8)": 4.025729528183848e-05
        },
        "Y": {},
        "Z": {
            "(1, 6)": 1.0,
            "(10, 6)": 1.0,
            "(2, 6)": 1.0,
            "(3, 6)": 1.0,
            "(4, 6)": 1.0,
            "(5, 6)": 1.0,
            "(6, 6)": 1.0,
            "(7, 6)": 1.0,
            "(8, 6)": 1.0,
            "(9, 6)": 1.0
        }
    }
}