{
    "OF": {
        "links_cost": 2.2934315637417164,
        "location_cost": 478.96,
        "transport_collection_cost": 80.07300000000001,
        "transport_distribution_cost": 81.93599999999999,
        "transport_transfer_cost": 0.0
    },
    "OF_val": 643.2624315637418,
    "time_s": 0.003000020980834961,
    "variables": {
        "A": {
            "1": 21.0,
            "2": 21.0,
            "3": 21.0,
            "4": 21.0
        },
        "DHD": {
            "1": 4.983333333333333,
            "2": 5.966666666666667,
            "3": 5.966666666666667,
            "4": 4.983333333333333
        },
        "DHH": {
            "1": 16.016666666666666,
            "2": 15.033333333333333,
            "3": 2.9710256410256317,
            "4": 3.5048717948717965
        },
        "F": {
            "(1, 1)": 0.08199999999999999,
            "(2, 1)": 0.043000000000000003,
            "(3, 1)": 0.053,
            "(4, 1)": 0.037
        },
        "R": {},
        "X": {
            "(1, 1, 2)": 0.026,
            "(1, 1, 3)": 0.034,
            "(1, 1, 4)": 0.022,
            "(2, 1, 1)": 0.025,
            "(2, 1, 3)": 0.011,
            "(2, 1, 4)": 0.007,
            "(3, 1, 1)": 0.033,
            "(3, 1, 2)": 0.011,
            "(3, 1, 4)": 0.009,
            "(4, 1, 1)": 0.021,
            "(4, 1, 2)": 0.007,
            "(4, 1, 3)": 0.009
        },
        "Y": {},
        "Z": {
            "(1, 1)": 1.0,
            "(2, 1)": 1.0,
            "(3, 1)": 1.0,
            "(4, 1)": 1.0
        }
    }
}