{
    "OF": {
        "links_cost": 0.3962393676282036,
        "location_cost": 478.96,
        "transport_collection_cost": 564991.7,
        "transport_distribution_cost": 575486.7999999999,
        "transport_transfer_cost": 0.0
    },
    "OF_val": 1140957.8562393675,
    "variables": {
        "A": {
            "1": 3000.0,
            "2": 3000.0
        },
        "DHD": {
            "1": 2781.0,
            "2": 3000.0
        },
        "DHH": {
            "1": 109.5
        },
        "F": {
            "(1, 1)": 17492.0,
            "(2, 1)": 17173.0
        },
        "R": {},
        "X": {
            "(1, 1, 2)": 17492.0,
            "(2, 1, 1)": 17173.0
        },
        "Y": {},
        "Z": {
            "(1, 1)": 1.0,
            "(2, 1)": 1.0
        }
    }
}