{
    "OF": {
        "links_cost": 42.172412907996936,
        "location_cost": 1527.79,
        "transport_collection_cost": 911.481,
        "transport_distribution_cost": 925.05,
        "transport_transfer_cost": 4012.3360000000052
    },
    "OF_val": 7418.829412908001,
    "time_s": 0.05099987983703613,
    "variables": {
        "A": {
            "1": 22.0,
            "10": 22.0,
            "2": 22.0,
            "3": 22.0,
            "4": 22.0,
            "5": 22.0,
            "6": 22.0,
            "7": 22.0,
            "8": 22.0,
            "9": 22.0
        },
        "DHD": {
            "1": 12.278461538461539,
            "10": 13.212307692307693,
            "2": 11.931538461538462,
            "3": 12.166666666666666,
            "4": 12.697435897435899,
            "5": 11.4,
            "6": 11.95,
            "7": 12.7,
            "8": 15.383333333333333,
            "9": 15.573333333333332
        },
        "DHH": {
            "1": 9.721538461538465,
            "10": 8.78769230769231,
            "2": 9.4548717948718,
            "3": 9.18769230769231,
            "4": 9.302564102564105,
            "5": 10.6,
            "6": 10.05,
            "7": 9.001538461538466,
            "8": 6.616666666666666,
            "9": 6.426666666666669
        },
        "F": {
            "(1, 6)": 0.42599999999999993,
            "(10, 6)": 0.264,
            "(2, 5)": 0.15800000000000003,
            "(3, 6)": 0.20199999999999999,
            "(4, 8)": 0.132,
            "(5, 5)": 0.09499999999999999,
            "(6, 6)": 0.752,
            "(7, 6)": 0.39799999999999996,
            "(8, 8)": 0.051,
            "(9, 6)": 0.235
        },
        "R": {
            "(5, 6)": 1.0,
            "(5, 8)": 1.0,
            "(6, 5)": 1.0,
            "(6, 8)": 1.0,
            "(8, 5)": 1.0,
            "(8, 6)": 1.0
        },
        "X": {
            "(1, 5, 2)": 0.026,
            "(1, 5, 5)": 0.015,
            "(1, 6, 10)": 0.045,
            "(1, 6, 3)": 0.034,
            "(1, 6, 6)": 0.166,
            "(1, 6, 7)": 0.071,
            "(1, 6, 9)": 0.039,
            "(1, 8, 4)": 0.022,
            "(1, 8, 8)": 0.008,
            "(10, 5, 2)": 0.015,
            "(10, 5, 5)": 0.009,
            "(10, 6, 1)": 0.04399999999999999,
            "(10, 6, 3)": 0.019,
            "(10, 6, 6)": 0.095,
            "(10, 6, 7)": 0.041,
            "(10, 6, 9)": 0.023,
            "(10, 8, 4)": 0.013,
            "(10, 8, 8)": 0.005,
            "(2, 5, 5)": 0.005,
            "(2, 6, 1)": 0.024999999999999998,
            "(2, 6, 10)": 0.015,
            "(2, 6, 3)": 0.011,
            "(2, 6, 6)": 0.055,
            "(2, 6, 7)": 0.024,
            "(2, 6, 9)": 0.013,
            "(2, 8, 4)": 0.007,
            "(2, 8, 8)": 0.003,
            "(3, 5, 2)": 0.011,
            "(3, 5, 5)": 0.007,
            "(3, 6, 1)": 0.032999999999999995,
            "(3, 6, 10)": 0.019,
            "(3, 6, 6)": 0.072,
            "(3, 6, 7)": 0.031,
            "(3, 6, 9)": 0.017,
            "(3, 8, 4)": 0.009,
            "(3, 8, 8)": 0.003,
            "(4, 5, 2)": 0.007,
            "(4, 5, 5)": 0.004,
            "(4, 6, 1)": 0.020999999999999998,
            "(4, 6, 10)": 0.012,
            "(4, 6, 3)": 0.009,
            "(4, 6, 6)": 0.046,
            "(4, 6, 7)": 0.02,
            "(4, 6, 9)": 0.011,
            "(4, 8, 8)": 0.002,
            "(5, 5, 2)": 0.005,
            "(5, 6, 1)": 0.014999999999999998,
            "(5, 6, 10)": 0.009,
            "(5, 6, 3)": 0.006,
            "(5, 6, 6)": 0.032,
            "(5, 6, 7)": 0.014,
            "(5, 6, 9)": 0.008,
            "(5, 8, 4)": 0.004,
            "(5, 8, 8)": 0.002,
            "(6, 5, 2)": 0.058,
            "(6, 5, 5)": 0.034,
            "(6, 6, 1)": 0.17099999999999999,
            "(6, 6, 10)": 0.1,
            "(6, 6, 3)": 0.075,
            "(6, 6, 7)": 0.159,
            "(6, 6, 9)": 0.088,
            "(6, 8, 4)": 0.049,
            "(6, 8, 8)": 0.018,
            "(7, 5, 2)": 0.024,
            "(7, 5, 5)": 0.014,
            "(7, 6, 1)": 0.07099999999999998,
            "(7, 6, 10)": 0.041,
            "(7, 6, 3)": 0.031,
            "(7, 6, 6)": 0.154,
            "(7, 6, 9)": 0.036,
            "(7, 8, 4)": 0.02,
            "(7, 8, 8)": 0.007,
            "(8, 5, 2)": 0.003,
            "(8, 5, 5)": 0.002,
            "(8, 6, 1)": 0.007999999999999998,
            "(8, 6, 10)": 0.005,
            "(8, 6, 3)": 0.003,
            "(8, 6, 6)": 0.017,
            "(8, 6, 7)": 0.007,
            "(8, 6, 9)": 0.004,
            "(8, 8, 4)": 0.002,
            "(9, 5, 2)": 0.013,
            "(9, 5, 5)": 0.008,
            "(9, 6, 1)": 0.03899999999999999,
            "(9, 6, 10)": 0.023,
            "(9, 6, 3)": 0.017,
            "(9, 6, 6)": 0.084,
            "(9, 6, 7)": 0.036,
            "(9, 8, 4)": 0.011,
            "(9, 8, 8)": 0.004
        },
        "Y": {
            "(1, 6, 5)": 0.04099999999999997,
            "(1, 6, 8)": 0.029999999999999995,
            "(10, 6, 5)": 0.024,
            "(10, 6, 8)": 0.018,
            "(2, 5, 6)": 0.14300000000000002,
            "(2, 5, 8)": 0.01,
            "(3, 6, 5)": 0.017999999999999995,
            "(3, 6, 8)": 0.012000000000000005,
            "(4, 8, 5)": 0.011,
            "(4, 8, 6)": 0.119,
            "(5, 5, 6)": 0.084,
            "(5, 5, 8)": 0.006000000000000907,
            "(6, 6, 5)": 0.09200000000000007,
            "(6, 6, 8)": 0.067,
            "(7, 6, 5)": 0.038,
            "(7, 6, 8)": 0.027000000000000003,
            "(8, 8, 5)": 0.0049999999999999906,
            "(8, 8, 6)": 0.044000000000000004,
            "(9, 6, 5)": 0.020999999999999998,
            "(9, 6, 8)": 0.015
        },
        "Z": {
            "(1, 6)": 1.0,
            "(10, 6)": 1.0,
            "(2, 5)": 1.0,
            "(3, 6)": 1.0,
            "(4, 8)": 1.0,
            "(5, 5)": 1.0,
            "(6, 6)": 1.0,
            "(7, 6)": 1.0,
            "(8, 8)": 1.0,
            "(9, 6)": 1.0
        }
    }
}