{
    "OF": {
        "links_cost": 54.807255415323674,
        "location_cost": 1662.3,
        "transport_collection_cost": 2277.9750000000004,
        "transport_distribution_cost": 2301.2689999999993,
        "transport_transfer_cost": 6130.407999999821
    },
    "OF_val": 12426.759255415143,
    "time_s": 1.0130000114440918,
    "variables": {
        "A": {
            "1": 25.0,
            "10": 25.0,
            "11": 25.0,
            "12": 25.0,
            "13": 25.0,
            "14": 25.0,
            "15": 25.0,
            "16": 25.0,
            "17": 25.0,
            "18": 25.0,
            "19": 25.0,
            "2": 25.0,
            "20": 25.0,
            "3": 25.0,
            "4": 25.0,
            "5": 25.0,
            "6": 25.0,
            "7": 25.0,
            "8": 25.0,
            "9": 25.0
        },
        "DHD": {
            "1": 13.884615384615387,
            "10": 14.662307692307692,
            "11": 14.337692307692308,
            "12": 14.4225641025641,
            "13": 14.71948717948718,
            "14": 13.083333333333334,
            "15": 13.816666666666666,
            "16": 14.43,
            "17": 13.166666666666666,
            "18": 12.766666666666667,
            "19": 13.533589743589744,
            "2": 14.114871794871794,
            "20": 14.599230769230768,
            "3": 15.166666666666666,
            "4": 14.776410256410257,
            "5": 12.75,
            "6": 14.116666666666667,
            "7": 13.166666666666666,
            "8": 14.668717948717946,
            "9": 14.793076923076924
        },
        "DHH": {
            "1": 11.115384615384617,
            "10": 10.337692307692308,
            "11": 10.366666666666667,
            "12": 10.577435897435894,
            "13": 10.280512820512815,
            "14": 10.97871794871795,
            "15": 10.543076923076924,
            "16": 10.57,
            "17": 11.833333333333334,
            "18": 11.226410256410254,
            "19": 11.466410256410256,
            "2": 10.8851282051282,
            "20": 10.400769230769232,
            "3": 9.833333333333334,
            "4": 10.223589743589738,
            "5": 12.25,
            "6": 10.883333333333333,
            "7": 11.833333333333334,
            "8": 10.331282051282049,
            "9": 10.206923076923076
        },
        "F": {
            "(1, 6)": 0.6600000000000001,
            "(10, 6)": 0.3980000000000001,
            "(11, 6)": 0.07600000000000001,
            "(12, 5)": 0.09600000000000002,
            "(13, 13)": 0.14700000000000002,
            "(14, 6)": 0.10500000000000002,
            "(15, 6)": 0.09800000000000002,
            "(16, 6)": 0.7460000000000002,
            "(17, 6)": 0.179,
            "(18, 6)": 0.10500000000000002,
            "(19, 6)": 0.22700000000000004,
            "(2, 5)": 0.23600000000000007,
            "(20, 6)": 0.319,
            "(3, 6)": 0.30400000000000005,
            "(4, 5)": 0.19800000000000004,
            "(5, 5)": 0.14100000000000001,
            "(6, 6)": 1.2779999999999998,
            "(7, 6)": 0.6160000000000001,
            "(8, 5)": 0.07500000000000001,
            "(9, 6)": 0.35500000000000004
        },
        "R": {
            "(13, 5)": 1.0,
            "(13, 6)": 1.0,
            "(5, 13)": 1.0,
            "(5, 6)": 1.0,
            "(6, 13)": 1.0,
            "(6, 5)": 1.0
        },
        "X": {
            "(1, 13, 13)": 0.016,
            "(1, 5, 12)": 0.01,
            "(1, 5, 2)": 0.026,
            "(1, 5, 4)": 0.022,
            "(1, 5, 5)": 0.015,
            "(1, 5, 8)": 0.008,
            "(1, 6, 10)": 0.045,
            "(1, 6, 11)": 0.008,
            "(1, 6, 14)": 0.011,
            "(1, 6, 15)": 0.011,
            "(1, 6, 16)": 0.088,
            "(1, 6, 17)": 0.019,
            "(1, 6, 18)": 0.011,
            "(1, 6, 19)": 0.025,
            "(1, 6, 20)": 0.035,
            "(1, 6, 3)": 0.034,
            "(1, 6, 6)": 0.166,
            "(1, 6, 7)": 0.071,
            "(1, 6, 9)": 0.039,
            "(10, 13, 13)": 0.009,
            "(10, 5, 12)": 0.006,
            "(10, 5, 2)": 0.015,
            "(10, 5, 4)": 0.013,
            "(10, 5, 5)": 0.009,
            "(10, 5, 8)": 0.005,
            "(10, 6, 1)": 0.044,
            "(10, 6, 11)": 0.005,
            "(10, 6, 14)": 0.006,
            "(10, 6, 15)": 0.006,
            "(10, 6, 16)": 0.051,
            "(10, 6, 17)": 0.011,
            "(10, 6, 18)": 0.006,
            "(10, 6, 19)": 0.014,
            "(10, 6, 20)": 0.02,
            "(10, 6, 3)": 0.019,
            "(10, 6, 6)": 0.095,
            "(10, 6, 7)": 0.041,
            "(10, 6, 9)": 0.023,
            "(11, 13, 13)": 0.002,
            "(11, 5, 12)": 0.001,
            "(11, 5, 2)": 0.003,
            "(11, 5, 4)": 0.002,
            "(11, 5, 5)": 0.002,
            "(11, 5, 8)": 0.001,
            "(11, 6, 1)": 0.008,
            "(11, 6, 10)": 0.005,
            "(11, 6, 14)": 0.001,
            "(11, 6, 15)": 0.001,
            "(11, 6, 16)": 0.009,
            "(11, 6, 17)": 0.002,
            "(11, 6, 18)": 0.001,
            "(11, 6, 19)": 0.003,
            "(11, 6, 20)": 0.004,
            "(11, 6, 3)": 0.003,
            "(11, 6, 6)": 0.017,
            "(11, 6, 7)": 0.007,
            "(11, 6, 9)": 0.004,
            "(12, 13, 13)": 0.002,
            "(12, 5, 2)": 0.003,
            "(12, 5, 4)": 0.003,
            "(12, 5, 5)": 0.002,
            "(12, 5, 8)": 0.001,
            "(12, 6, 1)": 0.01,
            "(12, 6, 10)": 0.006,
            "(12, 6, 11)": 0.001,
            "(12, 6, 14)": 0.001,
            "(12, 6, 15)": 0.001,
            "(12, 6, 16)": 0.012,
            "(12, 6, 17)": 0.003,
            "(12, 6, 18)": 0.001,
            "(12, 6, 19)": 0.003,
            "(12, 6, 20)": 0.005,
            "(12, 6, 3)": 0.005,
            "(12, 6, 6)": 0.022,
            "(12, 6, 7)": 0.01,
            "(12, 6, 9)": 0.005,
            "(13, 5, 12)": 0.002,
            "(13, 5, 2)": 0.005,
            "(13, 5, 4)": 0.004,
            "(13, 5, 5)": 0.003,
            "(13, 5, 8)": 0.002,
            "(13, 6, 1)": 0.016,
            "(13, 6, 10)": 0.009,
            "(13, 6, 11)": 0.002,
            "(13, 6, 14)": 0.002,
            "(13, 6, 15)": 0.002,
            "(13, 6, 16)": 0.018,
            "(13, 6, 17)": 0.004,
            "(13, 6, 18)": 0.002,
            "(13, 6, 19)": 0.005,
            "(13, 6, 20)": 0.007,
            "(13, 6, 3)": 0.007,
            "(13, 6, 6)": 0.034,
            "(13, 6, 7)": 0.015,
            "(13, 6, 9)": 0.008,
            "(14, 13, 13)": 0.002,
            "(14, 5, 12)": 0.001,
            "(14, 5, 2)": 0.004,
            "(14, 5, 4)": 0.003,
            "(14, 5, 5)": 0.002,
            "(14, 5, 8)": 0.001,
            "(14, 6, 1)": 0.011,
            "(14, 6, 10)": 0.006,
            "(14, 6, 11)": 0.001,
            "(14, 6, 15)": 0.002,
            "(14, 6, 16)": 0.013,
            "(14, 6, 17)": 0.003,
            "(14, 6, 18)": 0.002,
            "(14, 6, 19)": 0.004,
            "(14, 6, 20)": 0.005,
            "(14, 6, 3)": 0.005,
            "(14, 6, 6)": 0.024,
            "(14, 6, 7)": 0.01,
            "(14, 6, 9)": 0.006,
            "(15, 13, 13)": 0.002,
            "(15, 5, 12)": 0.001,
            "(15, 5, 2)": 0.003,
            "(15, 5, 4)": 0.003,
            "(15, 5, 5)": 0.002,
            "(15, 5, 8)": 0.001,
            "(15, 6, 1)": 0.01,
            "(15, 6, 10)": 0.006,
            "(15, 6, 11)": 0.001,
            "(15, 6, 14)": 0.002,
            "(15, 6, 16)": 0.012,
            "(15, 6, 17)": 0.003,
            "(15, 6, 18)": 0.002,
            "(15, 6, 19)": 0.003,
            "(15, 6, 20)": 0.005,
            "(15, 6, 3)": 0.005,
            "(15, 6, 6)": 0.022,
            "(15, 6, 7)": 0.01,
            "(15, 6, 9)": 0.005,
            "(16, 13, 13)": 0.019,
            "(16, 5, 12)": 0.012,
            "(16, 5, 2)": 0.03,
            "(16, 5, 4)": 0.025,