{
    "OF": {
        "links_cost": 64.20707438115757,
        "location_cost": 1527.79,
        "transport_collection_cost": 2241.6150000000002,
        "transport_distribution_cost": 2264.4169999999995,
        "transport_transfer_cost": 8544.719999999998
    },
    "OF_val": 14642.749074381154,
    "time_s": 1.0930001735687256,
    "variables": {
        "A": {
            "1": 22.0,
            "10": 22.0,
            "11": 22.0,
            "12": 22.0,
            "13": 22.0,
            "14": 22.0,
            "15": 22.0,
            "16": 22.0,
            "17": 22.0,
            "18": 22.0,
            "19": 22.0,
            "2": 22.0,
            "20": 22.0,
            "3": 22.0,
            "4": 22.0,
            "5": 22.0,
            "6": 22.0,
            "7": 22.0,
            "8": 22.0,
            "9": 22.0
        },
        "DHD": {
            "1": 11.783333333333333,
            "10": 13.212307692307693,
            "11": 12.887692307692308,
            "12": 13.254102564102563,
            "13": 15.1,
            "14": 12.560000000000002,
            "15": 13.0,
            "16": 12.98,
            "17": 13.396923076923077,
            "18": 12.312307692307694,
            "19": 12.26025641025641,
            "2": 13.032564102564102,
            "20": 13.149230769230769,
            "3": 12.812307692307694,
            "4": 13.480256410256409,
            "5": 11.4,
            "6": 11.116666666666667,
            "7": 12.998461538461537,
            "8": 12.633333333333333,
            "9": 13.343076923076925
        },
        "DHH": {
            "1": 9.433589743589742,
            "10": 8.78769230769231,
            "11": 9.112307692307695,
            "12": 8.745897435897437,
            "13": 8.448974358974361,
            "14": 9.440000000000001,
            "15": 9.0,
            "16": 9.020000000000003,
            "17": 8.603076923076927,
            "18": 9.68769230769231,
            "19": 9.73974358974359,
            "2": 8.967435897435898,
            "20": 8.850769230769234,
            "3": 9.18769230769231,
            "4": 8.519743589743591,
            "5": 10.6,
            "6": 10.883333333333333,
            "7": 9.001538461538466,
            "8": 9.366666666666667,
            "9": 8.656923076923078
        },
        "F": {
            "(1, 6)": 0.6600000000000001,
            "(10, 6)": 0.3980000000000001,
            "(11, 6)": 0.07600000000000001,
            "(12, 5)": 0.09600000000000002,
            "(13, 8)": 0.14700000000000002,
            "(14, 6)": 0.10500000000000002,
            "(15, 6)": 0.09800000000000002,
            "(16, 6)": 0.7460000000000002,
            "(17, 6)": 0.179,
            "(18, 6)": 0.10500000000000002,
            "(19, 6)": 0.22700000000000004,
            "(2, 5)": 0.23600000000000007,
            "(20, 6)": 0.319,
            "(3, 6)": 0.30400000000000005,
            "(4, 8)": 0.19800000000000004,
            "(5, 5)": 0.14100000000000001,
            "(6, 6)": 1.2779999999999998,
            "(7, 6)": 0.6160000000000001,
            "(8, 8)": 0.07500000000000001,
            "(9, 6)": 0.35500000000000004
        },
        "R": {
            "(5, 6)": 1.0,
            "(5, 8)": 1.0,
            "(6, 5)": 1.0,
            "(6, 8)": 1.0,
            "(8, 5)": 1.0,
            "(8, 6)": 1.0
        },
        "X": {
            "(1, 5, 12)": 0.01,
            "(1, 5, 2)": 0.026,
            "(1, 5, 5)": 0.015,
            "(1, 6, 10)": 0.045,
            "(1, 6, 11)": 0.008,
            "(1, 6, 14)": 0.011,
            "(1, 6, 15)": 0.011,
            "(1, 6, 16)": 0.088,
            "(1, 6, 17)": 0.019,
            "(1, 6, 18)": 0.011,
            "(1, 6, 19)": 0.025,
            "(1, 6, 20)": 0.035,
            "(1, 6, 3)": 0.034,
            "(1, 6, 6)": 0.166,
            "(1, 6, 7)": 0.071,
            "(1, 6, 9)": 0.039,
            "(1, 8, 13)": 0.016,
            "(1, 8, 4)": 0.022,
            "(1, 8, 8)": 0.008,
            "(10, 5, 12)": 0.006,
            "(10, 5, 2)": 0.015,
            "(10, 5, 5)": 0.009,
            "(10, 6, 1)": 0.044,
            "(10, 6, 11)": 0.005,
            "(10, 6, 14)": 0.006,
            "(10, 6, 15)": 0.006,
            "(10, 6, 16)": 0.051,
            "(10, 6, 17)": 0.011,
            "(10, 6, 18)": 0.006,
            "(10, 6, 19)": 0.014,
            "(10, 6, 20)": 0.02,
            "(10, 6, 3)": 0.019,
            "(10, 6, 6)": 0.095,
            "(10, 6, 7)": 0.041,
            "(10, 6, 9)": 0.023,
            "(10, 8, 13)": 0.009,
            "(10, 8, 4)": 0.013,
            "(10, 8, 8)": 0.005,
            "(11, 5, 12)": 0.001,
            "(11, 5, 2)": 0.003,
            "(11, 5, 5)": 0.002,
            "(11, 6, 1)": 0.008,
            "(11, 6, 10)": 0.005,
            "(11, 6, 14)": 0.001,
            "(11, 6, 15)": 0.001,
            "(11, 6, 16)": 0.009,
            "(11, 6, 17)": 0.002,
            "(11, 6, 18)": 0.001,
            "(11, 6, 19)": 0.003,
            "(11, 6, 20)": 0.004,
            "(11, 6, 3)": 0.003,
            "(11, 6, 6)": 0.017,
            "(11, 6, 7)": 0.007,
            "(11, 6, 9)": 0.004,
            "(11, 8, 13)": 0.002,
            "(11, 8, 4)": 0.002,
            "(11, 8, 8)": 0.001,
            "(12, 5, 2)": 0.003,
            "(12, 5, 5)": 0.002,
            "(12, 6, 1)": 0.01,
            "(12, 6, 10)": 0.006,
            "(12, 6, 11)": 0.001,
            "(12, 6, 14)": 0.001,
            "(12, 6, 15)": 0.001,
            "(12, 6, 16)": 0.012,
            "(12, 6, 17)": 0.003,
            "(12, 6, 18)": 0.001,
            "(12, 6, 19)": 0.003,
            "(12, 6, 20)": 0.005,
            "(12, 6, 3)": 0.005,
            "(12, 6, 6)": 0.022,
            "(12, 6, 7)": 0.01,
            "(12, 6, 9)": 0.005,
            "(12, 8, 13)": 0.002,
            "(12, 8, 4)": 0.003,
            "(12, 8, 8)": 0.001,
            "(13, 5, 12)": 0.002,
            "(13, 5, 2)": 0.005,
            "(13, 5, 5)": 0.003,
            "(13, 6, 1)": 0.016,
            "(13, 6, 10)": 0.009,
            "(13, 6, 11)": 0.002,
            "(13, 6, 14)": 0.002,
            "(13, 6, 15)": 0.002,
            "(13, 6, 16)": 0.018,
            "(13, 6, 17)": 0.004,
            "(13, 6, 18)": 0.002,
            "(13, 6, 19)": 0.005,
            "(13, 6, 20)": 0.007,
            "(13, 6, 3)": 0.007,
            "(13, 6, 6)": 0.034,
            "(13, 6, 7)": 0.015,
            "(13, 6, 9)": 0.008,
            "(13, 8, 4)": 0.004,
            "(13, 8, 8)": 0.002,
            "(14, 5, 12)": 0.001,
            "(14, 5, 2)": 0.004,
            "(14, 5, 5)": 0.002,
            "(14, 6, 1)": 0.011,
            "(14, 6, 10)": 0.006,
            "(14, 6, 11)": 0.001,
            "(14, 6, 15)": 0.002,
            "(14, 6, 16)": 0.013,
            "(14, 6, 17)": 0.003,
            "(14, 6, 18)": 0.002,
            "(14, 6, 19)": 0.004,
            "(14, 6, 20)": 0.005,
            "(14, 6, 3)": 0.005,
            "(14, 6, 6)": 0.024,
            "(14, 6, 7)": 0.01,
            "(14, 6, 9)": 0.006,
            "(14, 8, 13)": 0.002,
            "(14, 8, 4)": 0.003,
            "(14, 8, 8)": 0.001,
            "(15, 5, 12)": 0.001,
            "(15, 5, 2)": 0.003,
            "(15, 5, 5)": 0.002,
            "(15, 6, 1)": 0.01,
            "(15, 6, 10)": 0.006,
            "(15, 6, 11)": 0.001,
            "(15, 6, 14)": 0.002,
            "(15, 6, 16)": 0.012,
            "(15, 6, 17)": 0.003,
            "(15, 6, 18)": 0.002,
            "(15, 6, 19)": 0.003,
            "(15, 6, 20)": 0.005,
            "(15, 6, 3)": 0.005,
            "(15, 6, 6)": 0.022,
            "(15, 6, 7)": 0.01,
            "(15, 6, 9)": 0.005,
            "(15, 8, 13)": 0.002,
            "(15, 8, 4)": 0.003,
            "(15, 8, 8)": 0.001,
            "(16, 5, 12)": 0.012,
            "(16, 5, 2)": 0.03,
            "(16, 5, 5)": 0.017,
            "(16, 6, 1)": 0.088,
            "(16, 6, 10)": 0.051,
            "(16, 6, 11)": 0.009,