{
    "OF": {
        "links_cost": 4.037496462608048,
        "location_cost": 1253.8,
        "transport_collection_cost": 54.34499999999999,
        "transport_distribution_cost": 55.56599999999999,
        "transport_transfer_cost": 352.68799999999993
    },
    "OF_val": 1720.436496462608,
    "time_s": 0.003000020980834961,
    "variables": {
        "A": {
            "1": 24.0,
            "2": 24.0,
            "3": 24.0,
            "4": 24.0
        },
        "DHD": {
            "1": 14.45,
            "2": 13.2,
            "3": 18.028974358974374,
            "4": 17.04564102564104
        },
        "DHH": {
            "1": 9.55,
            "2": 10.8,
            "3": 5.971025641025633,
            "4": 6.954358974358975
        },
        "F": {
            "(1, 1)": 0.08199999999999998,
            "(2, 2)": 0.043000000000000003,
            "(3, 1)": 0.052999999999999985,
            "(4, 2)": 0.037
        },
        "R": {
            "(1, 2)": 1.0,
            "(2, 1)": 1.0
        },
        "X": {
            "(1, 1, 3)": 0.033999999999999996,
            "(1, 2, 2)": 0.026,
            "(1, 2, 4)": 0.022,
            "(2, 1, 1)": 0.024999999999999994,
            "(2, 1, 3)": 0.010999999999999998,
            "(2, 2, 4)": 0.007,
            "(3, 1, 1)": 0.032999999999999995,
            "(3, 2, 2)": 0.011,
            "(3, 2, 4)": 0.009,
            "(4, 1, 1)": 0.020999999999999998,
            "(4, 1, 3)": 0.008999999999999998,
            "(4, 2, 2)": 0.007
        },
        "Y": {
            "(1, 1, 2)": 0.04799999999999999,
            "(2, 2, 1)": 0.036000000000000004,
            "(3, 1, 2)": 0.019999999999999993,
            "(4, 2, 1)": 0.029999999999999992
        },
        "Z": {
            "(1, 1)": 1.0,
            "(2, 2)": 1.0,
            "(3, 1)": 1.0,
            "(4, 2)": 1.0
        }
    }
}