{
    "OF": {
        "links_cost": 2.2934315637417164,
        "location_cost": 478.96,
        "transport_collection_cost": 80.07300000000001,
        "transport_distribution_cost": 81.93599999999999,
        "transport_transfer_cost": 0.0
    },
    "OF_val": 643.2624315637418,
    "time_s": 0.00800013542175293,
    "variables": {
        "A": {
            "1": 1000.0,
            "2": 1000.0,
            "3": 1000.0,
            "4": 1000.0
        },
        "DHD": {
            "1": 360.0,
            "2": 1000.0,
            "3": 751.25,
            "4": 800.0
        },
        "DHH": {
            "1": 640.0,
            "2": 601.0,
            "3": 248.75,
            "4": 200.0
        },
        "F": {
            "(1, 1)": 0.08199999999999999,
            "(2, 1)": 0.043000000000000003,
            "(3, 1)": 0.053,
            "(4, 1)": 0.037
        },
        "R": {},
        "X": {
            "(1, 1, 2)": 0.026,
            "(1, 1, 3)": 0.034,
            "(1, 1, 4)": 0.022,
            "(2, 1, 1)": 0.025,
            "(2, 1, 3)": 0.011,
            "(2, 1, 4)": 0.007,
            "(3, 1, 1)": 0.033,
            "(3, 1, 2)": 0.011,
            "(3, 1, 4)": 0.009,
            "(4, 1, 1)": 0.021,
            "(4, 1, 2)": 0.007,
            "(4, 1, 3)": 0.009
        },
        "Y": {},
        "Z": {
            "(1, 1)": 1.0,
            "(2, 1)": 1.0,
            "(3, 1)": 1.0,
            "(4, 1)": 1.0
        }
    }
}