{
    "OF": {
        "links_cost": 4.037496462608048,
        "location_cost": 1253.8,
        "transport_collection_cost": 54.345,
        "transport_distribution_cost": 55.566,
        "transport_transfer_cost": 352.6880000000003
    },
    "OF_val": 1720.4364964626084,
    "time_s": 0.003999948501586914,
    "variables": {
        "A": {
            "1": 21.0,
            "2": 21.0,
            "3": 21.0,
            "4": 21.0
        },
        "DHD": {
            "1": 11.45,
            "2": 10.2,
            "3": 5.966666666666667,
            "4": 4.983333333333333
        },
        "DHH": {
            "1": 9.55,
            "2": 10.8,
            "3": 2.9710256410256317,
            "4": 3.5048717948717965
        },
        "F": {
            "(1, 1)": 0.08199999999999999,
            "(2, 2)": 0.043000000000000003,
            "(3, 1)": 0.053,
            "(4, 2)": 0.037
        },
        "R": {
            "(1, 2)": 1.0,
            "(2, 1)": 1.0
        },
        "X": {
            "(1, 1, 3)": 0.034,
            "(1, 2, 2)": 0.026,
            "(1, 2, 4)": 0.022,
            "(2, 1, 1)": 0.025,
            "(2, 1, 3)": 0.011,
            "(2, 2, 4)": 0.007,
            "(3, 1, 1)": 0.033,
            "(3, 2, 2)": 0.011,
            "(3, 2, 4)": 0.009,
            "(4, 1, 1)": 0.021,
            "(4, 1, 3)": 0.009,
            "(4, 2, 2)": 0.007
        },
        "Y": {
            "(1, 1, 2)": 0.04799999999999998,
            "(2, 2, 1)": 0.03599999999999999,
            "(3, 1, 2)": 0.020000000000000066,
            "(4, 2, 1)": 0.03000000000000006
        },
        "Z": {
            "(1, 1)": 1.0,
            "(2, 2)": 1.0,
            "(3, 1)": 1.0,
            "(4, 2)": 1.0
        }
    }
}