{
    "OF": {
        "links_cost": 4.037496462608048,
        "location_cost": 1253.8,
        "transport_collection_cost": 54.345,
        "transport_distribution_cost": 55.566,
        "transport_transfer_cost": 352.688
    },
    "OF_val": 1720.436496462608,
    "time_s": 0.0029997825622558594,
    "variables": {
        "A": {
            "1": 22.0,
            "2": 22.0,
            "3": 22.0,
            "4": 22.0
        },
        "DHD": {
            "1": 12.45,
            "2": 11.2,
            "3": 18.028974358974374,
            "4": 17.045641025641046
        },
        "DHH": {
            "1": 9.55,
            "2": 10.8,
            "3": 3.9710256410256353,
            "4": 4.954358974358975
        },
        "F": {
            "(1, 1)": 0.08199999999999999,
            "(2, 2)": 0.043000000000000003,
            "(3, 1)": 0.053,
            "(4, 2)": 0.037
        },
        "R": {
            "(1, 2)": 1.0,
            "(2, 1)": 1.0
        },
        "X": {
            "(1, 1, 3)": 0.034,
            "(1, 2, 2)": 0.026,
            "(1, 2, 4)": 0.022,
            "(2, 1, 1)": 0.025,
            "(2, 1, 3)": 0.011,
            "(2, 2, 4)": 0.007,
            "(3, 1, 1)": 0.033,
            "(3, 2, 2)": 0.011,
            "(3, 2, 4)": 0.009,
            "(4, 1, 1)": 0.021,
            "(4, 1, 3)": 0.009,
            "(4, 2, 2)": 0.007
        },
        "Y": {
            "(1, 1, 2)": 0.048,
            "(2, 2, 1)": 0.036000000000000004,
            "(3, 1, 2)": 0.019999999999999997,
            "(4, 2, 1)": 0.03
        },
        "Z": {
            "(1, 1)": 1.0,
            "(2, 2)": 1.0,
            "(3, 1)": 1.0,
            "(4, 2)": 1.0
        }
    }
}