{
    "OF": {
        "links_cost": 0.7852495498081005,
        "location_cost": 1253.8,
        "transport_collection_cost": 0.0,
        "transport_distribution_cost": 0.0,
        "transport_transfer_cost": 1140478.5
    },
    "OF_val": 1141733.08524955,
    "variables": {
        "A": {
            "1": 3000.0,
            "2": 3000.0
        },
        "DHD": {
            "1": 3000.0,
            "2": 3000.0
        },
        "DHH": {},
        "F": {
            "(1, 1)": 17492.0,
            "(2, 2)": 17173.0
        },
        "R": {
            "(1, 2)": 1.0,
            "(2, 1)": 1.0
        },
        "X": {
            "(1, 2, 2)": 17492.0,
            "(2, 1, 1)": 17173.0
        },
        "Y": {
            "(1, 1, 2)": 17492.0,
            "(2, 2, 1)": 17173.0
        },
        "Z": {
            "(1, 1)": 1.0,
            "(2, 2)": 1.0
        }
    }
}