{
    "MIPGap": 0.0,
    "OF": {
        "links_cost": 24.536061004236835,
        "location_cost": 875.72,
        "transport_collection_cost": 991.491,
        "transport_distribution_cost": 1007.444,
        "transport_transfer_cost": 2118.8960000000993
    },
    "OF_val": 5018.087061004337,
    "time_s": 0.04900002479553223,
    "variables": {
        "A": {
            "1": 25.0,
            "10": 25.0,
            "2": 25.0,
            "3": 25.0,
            "4": 25.0,
            "5": 25.0,
            "6": 25.0,
            "7": 25.0,
            "8": 25.0,
            "9": 25.0
        },
        "DHD": {
            "1": 14.783333333333333,
            "10": 16.166666666666668,
            "2": 14.2,
            "3": 15.232564102564103,
            "4": 13.380769230769232,
            "5": 12.75,
            "6": 14.95,
            "7": 15.482564102564103,
            "8": 17.038717948717945,
            "9": 15.573333333333332
        },
        "DHH": {
            "1": 10.216666666666667,
            "10": 8.833333333333334,
            "2": 10.8,
            "3": 9.767435897435899,
            "4": 11.619230769230768,
            "5": 12.25,
            "6": 10.05,
            "7": 9.517435897435899,
            "8": 7.961282051282055,
            "9": 9.42666666666667
        },
        "F": {
            "(1, 6)": 0.426,
            "(10, 6)": 0.264,
            "(2, 5)": 0.15800000000000003,
            "(3, 6)": 0.20199999999999999,
            "(4, 5)": 0.132,
            "(5, 5)": 0.09499999999999999,
            "(6, 6)": 0.752,
            "(7, 6)": 0.39799999999999996,
            "(8, 5)": 0.051,
            "(9, 6)": 0.235
        },
        "R": {
            "(5, 6)": 1.0,
            "(6, 5)": 1.0
        },
        "X": {
            "(1, 5, 2)": 0.026,
            "(1, 5, 4)": 0.022,
            "(1, 5, 5)": 0.015,
            "(1, 5, 8)": 0.008,
            "(1, 6, 10)": 0.045,
            "(1, 6, 3)": 0.034,
            "(1, 6, 6)": 0.166,
            "(1, 6, 7)": 0.071,
            "(1, 6, 9)": 0.039,
            "(10, 5, 2)": 0.015,
            "(10, 5, 4)": 0.013,
            "(10, 5, 5)": 0.009,
            "(10, 5, 8)": 0.005,
            "(10, 6, 1)": 0.044,
            "(10, 6, 3)": 0.019,
            "(10, 6, 6)": 0.095,
            "(10, 6, 7)": 0.041,
            "(10, 6, 9)": 0.023,
            "(2, 5, 4)": 0.007,
            "(2, 5, 5)": 0.005,
            "(2, 5, 8)": 0.003,
            "(2, 6, 1)": 0.025,
            "(2, 6, 10)": 0.015,
            "(2, 6, 3)": 0.011,
            "(2, 6, 6)": 0.055,
            "(2, 6, 7)": 0.024,
            "(2, 6, 9)": 0.013,
            "(3, 5, 2)": 0.011,
            "(3, 5, 4)": 0.009,
            "(3, 5, 5)": 0.007,
            "(3, 5, 8)": 0.003,
            "(3, 6, 1)": 0.033,
            "(3, 6, 10)": 0.019,
            "(3, 6, 6)": 0.072,
            "(3, 6, 7)": 0.031,
            "(3, 6, 9)": 0.017,
            "(4, 5, 2)": 0.007,
            "(4, 5, 5)": 0.004,
            "(4, 5, 8)": 0.002,
            "(4, 6, 1)": 0.021,
            "(4, 6, 10)": 0.012,
            "(4, 6, 3)": 0.009,
            "(4, 6, 6)": 0.046,
            "(4, 6, 7)": 0.02,
            "(4, 6, 9)": 0.011,
            "(5, 5, 2)": 0.005,
            "(5, 5, 4)": 0.004,
            "(5, 5, 8)": 0.002,
            "(5, 6, 1)": 0.015,
            "(5, 6, 10)": 0.009,
            "(5, 6, 3)": 0.006,
            "(5, 6, 6)": 0.032,
            "(5, 6, 7)": 0.014,
            "(5, 6, 9)": 0.008,
            "(6, 5, 2)": 0.058,
            "(6, 5, 4)": 0.049,
            "(6, 5, 5)": 0.034,
            "(6, 5, 8)": 0.018,
            "(6, 6, 1)": 0.171,
            "(6, 6, 10)": 0.1,
            "(6, 6, 3)": 0.075,
            "(6, 6, 7)": 0.159,
            "(6, 6, 9)": 0.088,
            "(7, 5, 2)": 0.024,
            "(7, 5, 4)": 0.02,
            "(7, 5, 5)": 0.014,
            "(7, 5, 8)": 0.007,
            "(7, 6, 1)": 0.071,
            "(7, 6, 10)": 0.041,
            "(7, 6, 3)": 0.031,
            "(7, 6, 6)": 0.154,
            "(7, 6, 9)": 0.036,
            "(8, 5, 2)": 0.003,
            "(8, 5, 4)": 0.002,
            "(8, 5, 5)": 0.002,
            "(8, 6, 1)": 0.008,
            "(8, 6, 10)": 0.005,
            "(8, 6, 3)": 0.003,
            "(8, 6, 6)": 0.017,
            "(8, 6, 7)": 0.007,
            "(8, 6, 9)": 0.004,
            "(9, 5, 2)": 0.013,
            "(9, 5, 4)": 0.011,
            "(9, 5, 5)": 0.008,
            "(9, 5, 8)": 0.004,
            "(9, 6, 1)": 0.039,
            "(9, 6, 10)": 0.023,
            "(9, 6, 3)": 0.017,
            "(9, 6, 6)": 0.084,
            "(9, 6, 7)": 0.036
        },
        "Y": {
            "(1, 6, 5)": 0.0710000000000092,
            "(10, 6, 5)": 0.04200000000000033,
            "(2, 5, 6)": 0.14300000000000015,
            "(3, 6, 5)": 0.030000000000004814,
            "(4, 5, 6)": 0.11900000000000016,
            "(5, 5, 6)": 0.08400000000000254,
            "(6, 6, 5)": 0.15900000000001904,
            "(7, 6, 5)": 0.0650000000000006,
            "(8, 5, 6)": 0.04400000000000004,
            "(9, 6, 5)": 0.0360000000000003
        },
        "Z": {
            "(1, 6)": 1.0,
            "(10, 6)": 1.0,
            "(2, 5)": 1.0,
            "(3, 6)": 1.0,
            "(4, 5)": 1.0,
            "(5, 5)": 1.0,
            "(6, 6)": 1.0,
            "(7, 6)": 1.0,
            "(8, 5)": 1.0,
            "(9, 6)": 1.0
        }
    }
}