{
    "OF": {
        "links_cost": 5.384396487914745,
        "location_cost": 1253.8,
        "transport_collection_cost": 359.64799999999985,
        "transport_distribution_cost": 357.9579999999998,
        "transport_transfer_cost": 947.5200000000006
    },
    "OF_val": 2924.3103964879147,
    "time_s": 0.01900005340576172,
    "variables": {
        "A": {
            "1": 22.0,
            "2": 22.0,
            "3": 22.0,
            "4": 22.0,
            "5": 22.0,
            "6": 22.0
        },
        "DHD": {
            "1": 11.783333333333333,
            "2": 11.2,
            "3": 14.262307692307694,
            "4": 12.25,
            "5": 11.930769230769233,
            "6": 13.868461538461538
        },
        "DHH": {
            "1": 10.216666666666667,
            "2": 10.8,
            "3": 9.55,
            "4": 10.15435897435897,
            "5": 10.06923076923077,
            "6": 8.166666666666666
        },
        "F": {
            "(1, 1)": 0.26299999999999985,
            "(2, 2)": 0.10300000000000001,
            "(3, 1)": 0.13199999999999992,
            "(4, 2)": 0.087,
            "(5, 1)": 0.06199999999999996,
            "(6, 1)": 0.3869999999999999
        },
        "R": {
            "(1, 2)": 1.0,
            "(2, 1)": 1.0
        },
        "X": {
            "(1, 1, 3)": 0.03399999999999998,
            "(1, 1, 5)": 0.014999999999999989,
            "(1, 1, 6)": 0.16599999999999995,
            "(1, 2, 2)": 0.026,
            "(1, 2, 4)": 0.022,
            "(2, 1, 1)": 0.024999999999999984,
            "(2, 1, 3)": 0.010999999999999992,
            "(2, 1, 5)": 0.004999999999999997,
            "(2, 1, 6)": 0.05499999999999998,
            "(2, 2, 4)": 0.007,
            "(3, 1, 1)": 0.03299999999999998,
            "(3, 1, 5)": 0.006999999999999996,
            "(3, 1, 6)": 0.07199999999999997,
            "(3, 2, 2)": 0.011,
            "(3, 2, 4)": 0.009,
            "(4, 1, 1)": 0.020999999999999987,
            "(4, 1, 3)": 0.008999999999999994,
            "(4, 1, 5)": 0.0039999999999999975,
            "(4, 1, 6)": 0.045999999999999985,
            "(4, 2, 2)": 0.007,
            "(5, 1, 1)": 0.014999999999999989,
            "(5, 1, 3)": 0.005999999999999996,
            "(5, 1, 6)": 0.03199999999999999,
            "(5, 2, 2)": 0.005,
            "(5, 2, 4)": 0.004,
            "(6, 1, 1)": 0.1709999999999999,
            "(6, 1, 3)": 0.07499999999999994,
            "(6, 1, 5)": 0.03399999999999998,
            "(6, 2, 2)": 0.058,
            "(6, 2, 4)": 0.049
        },
        "Y": {
            "(1, 1, 2)": 0.04799999999999993,
            "(2, 2, 1)": 0.096,
            "(3, 1, 2)": 0.019999999999999997,
            "(4, 2, 1)": 0.07999999999999999,
            "(5, 1, 2)": 0.009000000000000183,
            "(6, 1, 2)": 0.10700000000000011
        },
        "Z": {
            "(1, 1)": 1.0,
            "(2, 2)": 1.0,
            "(3, 1)": 1.0,
            "(4, 2)": 1.0,
            "(5, 1)": 1.0,
            "(6, 1)": 1.0
        }
    }
}