{
    "OF": {
        "links_cost": 53.75696200715381,
        "location_cost": 1662.3,
        "transport_collection_cost": 1224.808,
        "transport_distribution_cost": 1242.364,
        "transport_transfer_cost": 4493.352
    },
    "OF_val": 8676.580962007154,
    "time_s": 0.437999963760376,
    "variables": {
        "A": {
            "1": 25.0,
            "10": 25.0,
            "11": 25.0,
            "12": 25.0,
            "13": 25.0,
            "14": 25.0,
            "15": 25.0,
            "2": 25.0,
            "3": 25.0,
            "4": 25.0,
            "5": 25.0,
            "6": 25.0,
            "7": 25.0,
            "8": 25.0,
            "9": 25.0
        },
        "DHD": {
            "1": 13.728461538461538,
            "10": 16.166666666666668,
            "11": 14.633333333333333,
            "12": 14.105897435897434,
            "13": 15.286410256410255,
            "14": 14.02128205128205,
            "15": 14.45,
            "2": 13.798205128205128,
            "3": 15.166666666666666,
            "4": 12.75,
            "5": 12.75,
            "6": 14.95,
            "7": 14.448461538461537,
            "8": 15.607948717948718,
            "9": 14.793076923076924
        },
        "DHH": {
            "1": 11.271538461538459,
            "10": 8.833333333333334,
            "11": 10.366666666666667,
            "12": 10.6,
            "13": 9.713589743589743,
            "14": 10.97871794871795,
            "15": 10.55,
            "2": 10.8,
            "3": 9.833333333333334,
            "4": 10.540256410256411,
            "5": 12.25,
            "6": 10.05,
            "7": 10.55153846153846,
            "8": 9.39205128205128,
            "9": 10.206923076923072
        },
        "F": {
            "(1, 6)": 0.48200000000000004,
            "(10, 6)": 0.29600000000000004,
            "(11, 6)": 0.057,
            "(12, 5)": 0.07200000000000001,
            "(13, 13)": 0.111,
            "(14, 6)": 0.07800000000000001,
            "(15, 6)": 0.07300000000000001,
            "(2, 5)": 0.17700000000000005,
            "(3, 6)": 0.227,
            "(4, 5)": 0.14800000000000002,
            "(5, 5)": 0.106,
            "(6, 6)": 0.8790000000000001,
            "(7, 6)": 0.45,
            "(8, 5)": 0.057,
            "(9, 6)": 0.263
        },
        "R": {
            "(13, 5)": 1.0,
            "(13, 6)": 1.0,
            "(5, 13)": 1.0,
            "(5, 6)": 1.0,
            "(6, 13)": 1.0,
            "(6, 5)": 1.0
        },
        "X": {
            "(1, 13, 13)": 0.016,
            "(1, 5, 12)": 0.01,
            "(1, 5, 2)": 0.026,
            "(1, 5, 4)": 0.022,
            "(1, 5, 5)": 0.015,
            "(1, 5, 8)": 0.008,
            "(1, 6, 10)": 0.045,
            "(1, 6, 11)": 0.008,
            "(1, 6, 14)": 0.011,
            "(1, 6, 15)": 0.011,
            "(1, 6, 3)": 0.034,
            "(1, 6, 6)": 0.166,
            "(1, 6, 7)": 0.071,
            "(1, 6, 9)": 0.039,
            "(10, 13, 13)": 0.009,
            "(10, 5, 12)": 0.006,
            "(10, 5, 2)": 0.015,
            "(10, 5, 4)": 0.013,
            "(10, 5, 5)": 0.009,
            "(10, 5, 8)": 0.005,
            "(10, 6, 1)": 0.044,
            "(10, 6, 11)": 0.005,
            "(10, 6, 14)": 0.006,
            "(10, 6, 15)": 0.006,
            "(10, 6, 3)": 0.019,
            "(10, 6, 6)": 0.095,
            "(10, 6, 7)": 0.041,
            "(10, 6, 9)": 0.023,
            "(11, 13, 13)": 0.002,
            "(11, 5, 12)": 0.001,
            "(11, 5, 2)": 0.003,
            "(11, 5, 4)": 0.002,
            "(11, 5, 5)": 0.002,
            "(11, 5, 8)": 0.001,
            "(11, 6, 1)": 0.008,
            "(11, 6, 10)": 0.005,
            "(11, 6, 14)": 0.001,
            "(11, 6, 15)": 0.001,
            "(11, 6, 3)": 0.003,
            "(11, 6, 6)": 0.017,
            "(11, 6, 7)": 0.007,
            "(11, 6, 9)": 0.004,
            "(12, 13, 13)": 0.002,
            "(12, 5, 2)": 0.003,
            "(12, 5, 4)": 0.003,
            "(12, 5, 5)": 0.002,
            "(12, 5, 8)": 0.001,
            "(12, 6, 1)": 0.01,
            "(12, 6, 10)": 0.006,
            "(12, 6, 11)": 0.001,
            "(12, 6, 14)": 0.001,
            "(12, 6, 15)": 0.001,
            "(12, 6, 3)": 0.005,
            "(12, 6, 6)": 0.022,
            "(12, 6, 7)": 0.01,
            "(12, 6, 9)": 0.005,
            "(13, 5, 12)": 0.002,
            "(13, 5, 2)": 0.005,
            "(13, 5, 4)": 0.004,
            "(13, 5, 5)": 0.003,
            "(13, 5, 8)": 0.002,
            "(13, 6, 1)": 0.016,
            "(13, 6, 10)": 0.009,
            "(13, 6, 11)": 0.002,
            "(13, 6, 14)": 0.002,
            "(13, 6, 15)": 0.002,
            "(13, 6, 3)": 0.007,
            "(13, 6, 6)": 0.034,
            "(13, 6, 7)": 0.015,
            "(13, 6, 9)": 0.008,
            "(14, 13, 13)": 0.002,
            "(14, 5, 12)": 0.001,
            "(14, 5, 2)": 0.004,
            "(14, 5, 4)": 0.003,
            "(14, 5, 5)": 0.002,
            "(14, 5, 8)": 0.001,
            "(14, 6, 1)": 0.011,
            "(14, 6, 10)": 0.006,
            "(14, 6, 11)": 0.001,
            "(14, 6, 15)": 0.002,
            "(14, 6, 3)": 0.005,
            "(14, 6, 6)": 0.024,
            "(14, 6, 7)": 0.01,
            "(14, 6, 9)": 0.006,
            "(15, 13, 13)": 0.002,
            "(15, 5, 12)": 0.001,
            "(15, 5, 2)": 0.003,
            "(15, 5, 4)": 0.003,
            "(15, 5, 5)": 0.002,
            "(15, 5, 8)": 0.001,
            "(15, 6, 1)": 0.01,
            "(15, 6, 10)": 0.006,
            "(15, 6, 11)": 0.001,
            "(15, 6, 14)": 0.002,
            "(15, 6, 3)": 0.005,
            "(15, 6, 6)": 0.022,
            "(15, 6, 7)": 0.01,
            "(15, 6, 9)": 0.005,
            "(2, 13, 13)": 0.005,
            "(2, 5, 12)": 0.003,
            "(2, 5, 4)": 0.007,
            "(2, 5, 5)": 0.005,
            "(2, 5, 8)": 0.003,
            "(2, 6, 1)": 0.025,
            "(2, 6, 10)": 0.015,
            "(2, 6, 11)": 0.003,
            "(2, 6, 14)": 0.004,
            "(2, 6, 15)": 0.004,
            "(2, 6, 3)": 0.011,
            "(2, 6, 6)": 0.055,
            "(2, 6, 7)": 0.024,
            "(2, 6, 9)": 0.013,
            "(3, 13, 13)": 0.007,
            "(3, 5, 12)": 0.005,
            "(3, 5, 2)": 0.011,
            "(3, 5, 4)": 0.009,
            "(3, 5, 5)": 0.007,
            "(3, 5, 8)": 0.003,
            "(3, 6, 1)": 0.033,
            "(3, 6, 10)": 0.019,
            "(3, 6, 11)": 0.003,
            "(3, 6, 14)": 0.005,
            "(3, 6, 15)": 0.005,
            "(3, 6, 6)": 0.072,
            "(3, 6, 7)": 0.031,
            "(3, 6, 9)": 0.017,
            "(4, 13, 13)": 0.005,
            "(4, 5, 12)": 0.003,
            "(4, 5, 2)": 0.007,
            "(4, 5, 5)": 0.004,
            "(4, 5, 8)": 0.002,
            "(4, 6, 1)": 0.021,
            "(4, 6, 10)": 0.012,
            "(4, 6, 11)": 0.002,
            "(4, 6, 14)": 0.003,
            "(4, 6, 15)": 0.003,
            "(4, 6, 3)": 0.009,
            "(4, 6, 6)": 0.046,
            "(4, 6, 7)": 0.02,
            "(4, 6, 9)": 0.011,
            "(5, 13, 13)": 0.003,
            "(5, 5, 12)": 0.002,
            "(5, 5, 2)": 0.005,
            "(5, 5, 4)": 0.004,
            "(5, 5, 8)": 0.002,
            "(5, 6, 1)": 0.015,
            "(5, 6, 10)": 0.009,
            "(5, 6, 11)": 0.002,
            "(5, 6, 14)": 0.002,
            "(5, 6, 15)": 0.002,
            "(5, 6, 3)": 0.006,
            "(5, 6, 6)": 0.032,
            "(5, 6, 7)": 0.014,
            "(5, 6, 9)": 0.008,
            "(6, 13, 13)": 0.036,
            "(6, 5, 12)": 0.024,
            "(6, 5, 2)": 0.058,
            "(6, 5, 4)": 0.049,
            "(6, 5, 5)": 0.034,
            "(6, 5, 8)": 0.018,
            "(6, 6, 1)": 0.171,
            "(6, 6, 10)": 0.1,
            "(6, 6, 11)": 0.018,
            "(6, 6, 14)": 0.025,
            "(6, 6, 15)": 0.024,
            "(6, 6, 3)": 0.075,